[
  {
    "id":"1402157638839203"
   ,"Identification":{
      "Name":"Navigation Menu"
    }
   ,"Source":{
      "Type":"Static Values"
    }
   ,"Entries":[
      {
        "id":"1701624741839392"
       ,"Label":{
          "Label":"Home"
        }
       ,"Icon":{
          "Image\/Icon CSS Classes":"fa-home"
        }
       ,"Layout":{
          "Sequence":10
        }
       ,"Is Current":{
          "Type":"Target Page"
        }
       ,"Link":{
          "Target":{
            "url":"f?p=\u0026APP_ID.:1:\u0026APP_SESSION.::\u0026DEBUG.:::"
           ,"Page":"1"
          }
        }
       ,"Click Counting":{
          "Count Clicks":false
        }
       ,"User Defined Attributes":{
          "Translatable":false
        }
      }
    ]
  }
 ,{
    "id":"1691069956839363"
   ,"Identification":{
      "Name":"Navigation Bar"
    }
   ,"Source":{
      "Type":"Static Values"
    }
   ,"Entries":[
      {
        "id":"1703169066839404"
       ,"Label":{
          "Label":"\u0026APP_USER."
        }
       ,"Icon":{
          "Image\/Icon CSS Classes":"fa-user"
        }
       ,"Layout":{
          "Sequence":10
        }
       ,"Is Current":{
          "Type":"Target Page"
        }
       ,"Link":{
          "Target":"#"
        }
       ,"Click Counting":{
          "Count Clicks":false
        }
       ,"User Defined Attributes":{
          "Translatable":false
         ,"2.":"has-username"
        }
      }
     ,{
        "id":"1703603656839405"
       ,"Label":{
          "Label":"---"
        }
       ,"Layout":{
          "Sequence":20
         ,"Parent Entry":"\u0026APP_USER. (1703169066839404)"
        }
       ,"Is Current":{
          "Type":"Target Page"
        }
       ,"Link":{
          "Target":"separator"
        }
       ,"Click Counting":{
          "Count Clicks":false
        }
       ,"User Defined Attributes":{
          "Translatable":false
        }
       ,"Server-side Condition":{
          "Type":"User is Authenticated (not public)"
        }
      }
     ,{
        "id":"1704014725839405"
       ,"Label":{
          "Label":"Sign Out"
        }
       ,"Icon":{
          "Image\/Icon CSS Classes":"fa-sign-out"
        }
       ,"Layout":{
          "Sequence":30
         ,"Parent Entry":"\u0026APP_USER. (1703169066839404)"
        }
       ,"Is Current":{
          "Type":"Target Page"
        }
       ,"Link":{
          "Target":"\u0026LOGOUT_URL."
        }
       ,"Click Counting":{
          "Count Clicks":false
        }
       ,"User Defined Attributes":{
          "Translatable":false
        }
       ,"Server-side Condition":{
          "Type":"User is Authenticated (not public)"
        }
      }
    ]
  }
]
