[
  {
    "id":"1668601180839353"
   ,"Identification":{
      "Template Type":"Button"
     ,"Name":"Danger"
     ,"Identifier":"DANGER"
     ,"Group":"Type (1668496141839353)"
     ,"Sequence":30
    }
   ,"Settings":{
      "Advanced":false
    }
   ,"Appearance":{
      "CSS Classes":[
        "t-Button--danger"
      ]
    }
  }
 ,{
    "id":"1668810963839353"
   ,"Identification":{
      "Template Type":"Page"
     ,"Name":"Deferred Page Rendering"
     ,"Identifier":"DEFERRED_PAGE_RENDERING"
     ,"Sequence":1
    }
   ,"Settings":{
      "Advanced":false
    }
   ,"Appearance":{
      "CSS Classes":[
        "t-DeferredRendering"
      ]
    }
   ,"Help":{
      "Help Text":"Defer page rendering until all page components have finished loading."
    }
  }
 ,{
    "id":"1669231529839353"
   ,"Identification":{
      "Template Type":"Button"
     ,"Name":"Display as Link"
     ,"Identifier":"DISPLAY_AS_LINK"
     ,"Group":"Style (1669034373839353)"
     ,"Sequence":30
    }
   ,"Settings":{
      "Advanced":false
    }
   ,"Appearance":{
      "CSS Classes":[
        "t-Button--link"
      ]
    }
   ,"Help":{
      "Help Text":"This option makes the button appear as a text link."
    }
  }
 ,{
    "id":"1669641232839354"
   ,"Identification":{
      "Template Type":"Item"
     ,"Name":"Display as Pill Button"
     ,"Identifier":"DISPLAY_AS_PILL_BUTTON"
     ,"Group":"Item Group Display (1669444076839353)"
     ,"Sequence":10
    }
   ,"Settings":{
      "Advanced":false
    }
   ,"Appearance":{
      "CSS Classes":[
        "t-Form-fieldContainer--radioButtonGroup"
      ]
    }
   ,"Help":{
      "Help Text":"Displays the radio buttons to look like a button set \/ pill button.  Note that the the radio buttons must all be in the same row for this option to work."
    }
  }
 ,{
    "id":"1670001096839354"
   ,"Identification":{
      "Template Type":"Item"
     ,"Name":"Bold"
     ,"Identifier":"DISPLAY_TEXT_STYLE_BOLD"
     ,"Group":"Display Text Style (1669894292839354)"
     ,"Sequence":10
    }
   ,"Settings":{
      "Advanced":false
    }
   ,"Appearance":{
      "CSS Classes":[
        "t-Form-fieldContainer--boldDisplay"
      ]
    }
  }
 ,{
    "id":"1670243505839354"
   ,"Identification":{
      "Template Type":"Item"
     ,"Name":"Normal"
     ,"Identifier":"DISPLAY_TEXT_STYLE_NORMAL"
     ,"Group":"Display Text Style (1669894292839354)"
     ,"Sequence":20
    }
   ,"Settings":{
      "Advanced":false
    }
   ,"Appearance":{
      "CSS Classes":[
        "t-Form-fieldContainer--normalDisplay"
      ]
    }
  }
 ,{
    "id":"1670646828839354"
   ,"Identification":{
      "Template Type":"Item"
     ,"Name":"Large"
     ,"Identifier":"FBM_LARGE"
     ,"Group":"Bottom Margin (1670432395839354)"
     ,"Sequence":40
    }
   ,"Settings":{
      "Advanced":false
    }
   ,"Appearance":{
      "CSS Classes":[
        "margin-bottom-lg"
      ]
    }
   ,"Help":{
      "Help Text":"Adds a large bottom margin for this field."
    }
  }
 ,{
    "id":"1670819072839354"
   ,"Identification":{
      "Template Type":"Item"
     ,"Name":"Medium"
     ,"Identifier":"FBM_MEDIUM"
     ,"Group":"Bottom Margin (1670432395839354)"
     ,"Sequence":30
    }
   ,"Settings":{
      "Advanced":false
    }
   ,"Appearance":{
      "CSS Classes":[
        "margin-bottom-md"
      ]
    }
   ,"Help":{
      "Help Text":"Adds a medium bottom margin for this field."
    }
  }
 ,{
    "id":"1671092429839354"
   ,"Identification":{
      "Template Type":"Item"
     ,"Name":"None"
     ,"Identifier":"FBM_NONE"
     ,"Group":"Bottom Margin (1670432395839354)"
     ,"Sequence":10
    }
   ,"Settings":{
      "Advanced":false
    }
   ,"Appearance":{
      "CSS Classes":[
        "margin-bottom-none"
      ]
    }
   ,"Help":{
      "Help Text":"Removes the bottom margin for this field."
    }
  }
 ,{
    "id":"1671240108839354"
   ,"Identification":{
      "Template Type":"Item"
     ,"Name":"Small"
     ,"Identifier":"FBM_SMALL"
     ,"Group":"Bottom Margin (1670432395839354)"
     ,"Sequence":20
    }
   ,"Settings":{
      "Advanced":false
    }
   ,"Appearance":{
      "CSS Classes":[
        "margin-bottom-sm"
      ]
    }
   ,"Help":{
      "Help Text":"Adds a small bottom margin for this field."
    }
  }
 ,{
    "id":"1671614032839354"
   ,"Identification":{
      "Template Type":"Item"
     ,"Name":"Large"
     ,"Identifier":"FLM_LARGE"
     ,"Group":"Left Margin (1671439422839354)"
     ,"Sequence":40
    }
   ,"Settings":{
      "Advanced":false
    }
   ,"Appearance":{
      "CSS Classes":[
        "margin-left-lg"
      ]
    }
   ,"Help":{
      "Help Text":"Adds a large left margin for this field."
    }
  }
 ,{
    "id":"1671860647839354"
   ,"Identification":{
      "Template Type":"Item"
     ,"Name":"Medium"
     ,"Identifier":"FLM_MEDIUM"
     ,"Group":"Left Margin (1671439422839354)"
     ,"Sequence":30
    }
   ,"Settings":{
      "Advanced":false
    }
   ,"Appearance":{
      "CSS Classes":[
        "margin-left-md"
      ]
    }
   ,"Help":{
      "Help Text":"Adds a medium left margin for this field."
    }
  }
 ,{
    "id":"1672009562839354"
   ,"Identification":{
      "Template Type":"Item"
     ,"Name":"None"
     ,"Identifier":"FLM_NONE"
     ,"Group":"Left Margin (1671439422839354)"
     ,"Sequence":10
    }
   ,"Settings":{
      "Advanced":false
    }
   ,"Appearance":{
      "CSS Classes":[
        "margin-left-none"
      ]
    }
   ,"Help":{
      "Help Text":"Removes the left margin for this field."
    }
  }
 ,{
    "id":"1672272237839354"
   ,"Identification":{
      "Template Type":"Item"
     ,"Name":"Small"
     ,"Identifier":"FLM_SMALL"
     ,"Group":"Left Margin (1671439422839354)"
     ,"Sequence":20
    }
   ,"Settings":{
      "Advanced":false
    }
   ,"Appearance":{
      "CSS Classes":[
        "margin-left-sm"
      ]
    }
   ,"Help":{
      "Help Text":"Adds a small left margin for this field."
    }
  }
 ,{
    "id":"1672612616839354"
   ,"Identification":{
      "Template Type":"Region"
     ,"Name":"Left"
     ,"Identifier":"FORMLEFTLABELS"
     ,"Group":"Label Alignment (1672443373839354)"
     ,"Sequence":20
    }
   ,"Settings":{
      "Advanced":false
    }
   ,"Appearance":{
      "CSS Classes":[
        "t-Form--leftLabels"
      ]
    }
   ,"Help":{
      "Help Text":"Align form labels to left."
    }
  }
 ,{
    "id":"1673091762839354"
   ,"Identification":{
      "Template Type":"Region"
     ,"Name":"None"
     ,"Identifier":"FORMREMOVEPADDING"
     ,"Group":"Item Spacing (1672829501839354)"
     ,"Sequence":20
    }
   ,"Settings":{
      "Advanced":false
    }
   ,"Appearance":{
      "CSS Classes":[
        "t-Form--noPadding"
      ]
    }
   ,"Help":{
      "Help Text":"Removes spacing between items."
    }
  }
 ,{
    "id":"1673464595839354"
   ,"Identification":{
      "Template Type":"Region"
     ,"Name":"Large"
     ,"Identifier":"FORMSIZELARGE"
     ,"Group":"Item Size (1673236399839354)"
     ,"Sequence":10
    }
   ,"Settings":{
      "Advanced":false
    }
   ,"Appearance":{
      "CSS Classes":[
        "t-Form--large"
      ]
    }
  }
 ,{
    "id":"1673653541839354"
   ,"Identification":{
      "Template Type":"Region"
     ,"Name":"X Large"
     ,"Identifier":"FORMSIZEXLARGE"
     ,"Group":"Item Size (1673236399839354)"
     ,"Sequence":20
    }
   ,"Settings":{
      "Advanced":false
    }
   ,"Appearance":{
      "CSS Classes":[
        "t-Form--xlarge"
      ]
    }
  }
 ,{
    "id":"1673836020839354"
   ,"Identification":{
      "Template Type":"Region"
     ,"Name":"Slim"
     ,"Identifier":"FORMSLIMPADDING"
     ,"Group":"Item Spacing (1672829501839354)"
     ,"Sequence":10
    }
   ,"Settings":{
      "Advanced":false
    }
   ,"Appearance":{
      "CSS Classes":[
        "t-Form--slimPadding"
      ]
    }
   ,"Help":{
      "Help Text":"Reduces form item spacing."
    }
  }
 ,{
    "id":"1674004370839355"
   ,"Identification":{
      "Template Type":"Region"
     ,"Name":"Standard"
     ,"Identifier":"FORMSTANDARDPADDING"
     ,"Group":"Item Spacing (1672829501839354)"
     ,"Sequence":5
    }
   ,"Settings":{
      "Advanced":false
    }
   ,"Appearance":{
      "CSS Classes":[
        "t-Form--standardPadding"
      ]
    }
   ,"Help":{
      "Help Text":"Uses the standard spacing between items."
    }
  }
 ,{
    "id":"1674482020839355"
   ,"Identification":{
      "Template Type":"Item"
     ,"Name":"Large"
     ,"Identifier":"FRM_LARGE"
     ,"Group":"Right Margin (1674251444839355)"
     ,"Sequence":40
    }
   ,"Settings":{
      "Advanced":false
    }
   ,"Appearance":{
      "CSS Classes":[
        "margin-right-lg"
      ]
    }
   ,"Help":{
      "Help Text":"Adds a large right margin for this field."
    }
  }
 ,{
    "id":"1674626764839355"
   ,"Identification":{
      "Template Type":"Item"
     ,"Name":"Medium"
     ,"Identifier":"FRM_MEDIUM"
     ,"Group":"Right Margin (1674251444839355)"
     ,"Sequence":30
    }
   ,"Settings":{
      "Advanced":false
    }
   ,"Appearance":{
      "CSS Classes":[
        "margin-right-md"
      ]
    }
   ,"Help":{
      "Help Text":"Adds a medium right margin for this field."
    }
  }
 ,{
    "id":"1674821538839355"
   ,"Identification":{
      "Template Type":"Item"
     ,"Name":"None"
     ,"Identifier":"FRM_NONE"
     ,"Group":"Right Margin (1674251444839355)"
     ,"Sequence":10
    }
   ,"Settings":{
      "Advanced":false
    }
   ,"Appearance":{
      "CSS Classes":[
        "margin-right-none"
      ]
    }
   ,"Help":{
      "Help Text":"Removes the right margin for this field."
    }
  }
 ,{
    "id":"1675065292839355"
   ,"Identification":{
      "Template Type":"Item"
     ,"Name":"Small"
     ,"Identifier":"FRM_SMALL"
     ,"Group":"Right Margin (1674251444839355)"
     ,"Sequence":20
    }
   ,"Settings":{
      "Advanced":false
    }
   ,"Appearance":{
      "CSS Classes":[
        "margin-right-sm"
      ]
    }
   ,"Help":{
      "Help Text":"Adds a small right margin for this field."
    }
  }
 ,{
    "id":"1675479613839355"
   ,"Identification":{
      "Template Type":"Item"
     ,"Name":"Large"
     ,"Identifier":"FTM_LARGE"
     ,"Group":"Top Margin (1675273850839355)"
     ,"Sequence":40
    }
   ,"Settings":{
      "Advanced":false
    }
   ,"Appearance":{
      "CSS Classes":[
        "margin-top-lg"
      ]
    }
   ,"Help":{
      "Help Text":"Adds a large top margin for this field."
    }
  }
 ,{
    "id":"1675697906839355"
   ,"Identification":{
      "Template Type":"Item"
     ,"Name":"Medium"
     ,"Identifier":"FTM_MEDIUM"
     ,"Group":"Top Margin (1675273850839355)"
     ,"Sequence":30
    }
   ,"Settings":{
      "Advanced":false
    }
   ,"Appearance":{
      "CSS Classes":[
        "margin-top-md"
      ]
    }
   ,"Help":{
      "Help Text":"Adds a medium top margin for this field."
    }
  }
 ,{
    "id":"1675823834839355"
   ,"Identification":{
      "Template Type":"Item"
     ,"Name":"None"
     ,"Identifier":"FTM_NONE"
     ,"Group":"Top Margin (1675273850839355)"
     ,"Sequence":10
    }
   ,"Settings":{
      "Advanced":false
    }
   ,"Appearance":{
      "CSS Classes":[
        "margin-top-none"
      ]
    }
   ,"Help":{
      "Help Text":"Removes the top margin for this field."
    }
  }
 ,{
    "id":"1676066751839355"
   ,"Identification":{
      "Template Type":"Item"
     ,"Name":"Small"
     ,"Identifier":"FTM_SMALL"
     ,"Group":"Top Margin (1675273850839355)"
     ,"Sequence":20
    }
   ,"Settings":{
      "Advanced":false
    }
   ,"Appearance":{
      "CSS Classes":[
        "margin-top-sm"
      ]
    }
   ,"Help":{
      "Help Text":"Adds a small top margin for this field."
    }
  }
 ,{
    "id":"1676416451839355"
   ,"Identification":{
      "Template Type":"Region"
     ,"Name":"H4"
     ,"Identifier":"H4"
     ,"Group":"Heading Level (1676250783839355)"
     ,"Sequence":40
    }
   ,"Settings":{
      "Advanced":false
    }
   ,"Appearance":{
      "CSS Classes":[
        "js-headingLevel-4"
      ]
    }
   ,"Help":{
      "Help Text":"H4"
    }
  }
 ,{
    "id":"1676638771839355"
   ,"Identification":{
      "Template Type":"Region"
     ,"Name":"H1"
     ,"Identifier":"HEADING_LEVEL_H1"
     ,"Group":"Heading Level (1676250783839355)"
     ,"Sequence":10
    }
   ,"Settings":{
      "Advanced":false
    }
   ,"Appearance":{
      "CSS Classes":[
        "js-headingLevel-1"
      ]
    }
   ,"Help":{
      "Help Text":"H1"
    }
  }
 ,{
    "id":"1676858653839355"
   ,"Identification":{
      "Template Type":"Region"
     ,"Name":"H2"
     ,"Identifier":"HEADING_LEVEL_H2"
     ,"Group":"Heading Level (1676250783839355)"
     ,"Sequence":20
    }
   ,"Settings":{
      "Advanced":false
    }
   ,"Appearance":{
      "CSS Classes":[
        "js-headingLevel-2"
      ]
    }
   ,"Help":{
      "Help Text":"H2"
    }
  }
 ,{
    "id":"1677080098839355"
   ,"Identification":{
      "Template Type":"Region"
     ,"Name":"H3"
     ,"Identifier":"HEADING_LEVEL_H3"
     ,"Group":"Heading Level (1676250783839355)"
     ,"Sequence":30
    }
   ,"Settings":{
      "Advanced":false
    }
   ,"Appearance":{
      "CSS Classes":[
        "js-headingLevel-3"
      ]
    }
   ,"Help":{
      "Help Text":"H3"
    }
  }
 ,{
    "id":"1677228956839355"
   ,"Identification":{
      "Template Type":"Region"
     ,"Name":"H5"
     ,"Identifier":"HEADING_LEVEL_H5"
     ,"Group":"Heading Level (1676250783839355)"
     ,"Sequence":50
    }
   ,"Settings":{
      "Advanced":false
    }
   ,"Appearance":{
      "CSS Classes":[
        "js-headingLevel-5"
      ]
    }
   ,"Help":{
      "Help Text":"H5"
    }
  }
 ,{
    "id":"1677489736839355"
   ,"Identification":{
      "Template Type":"Region"
     ,"Name":"H6"
     ,"Identifier":"HEADING_LEVEL_H6"
     ,"Group":"Heading Level (1676250783839355)"
     ,"Sequence":60
    }
   ,"Settings":{
      "Advanced":false
    }
   ,"Appearance":{
      "CSS Classes":[
        "js-headingLevel-6"
      ]
    }
   ,"Help":{
      "Help Text":"H6"
    }
  }
 ,{
    "id":"1677843659839355"
   ,"Identification":{
      "Template Type":"Report"
     ,"Name":"Hide when all rows displayed"
     ,"Identifier":"HIDE_WHEN_ALL_ROWS_DISPLAYED"
     ,"Group":"Pagination Display (1677620313839355)"
     ,"Sequence":10
    }
   ,"Settings":{
      "Advanced":false
    }
   ,"Appearance":{
      "CSS Classes":[
        "t-Report--hideNoPagination"
      ]
    }
   ,"Help":{
      "Help Text":"This option will hide the pagination when all rows are displayed."
    }
  }
 ,{
    "id":"1678293671839355"
   ,"Identification":{
      "Template Type":"Button"
     ,"Name":"Large"
     ,"Identifier":"LARGE"
     ,"Group":"Size (1678015903839355)"
     ,"Sequence":30
    }
   ,"Settings":{
      "Advanced":false
    }
   ,"Appearance":{
      "CSS Classes":[
        "t-Button--large"
      ]
    }
   ,"Help":{
      "Help Text":"A large button."
    }
  }
 ,{
    "id":"1678674706839356"
   ,"Identification":{
      "Template Type":"Button"
     ,"Name":"Large"
     ,"Identifier":"LARGEBOTTOMMARGIN"
     ,"Group":"Spacing Bottom (1678464298839356)"
     ,"Sequence":20
    }
   ,"Settings":{
      "Advanced":false
    }
   ,"Appearance":{
      "CSS Classes":[
        "t-Button--gapBottom"
      ]
    }
  }
 ,{
    "id":"1679002698839356"
   ,"Identification":{
      "Template Type":"Button"
     ,"Name":"Large"
     ,"Identifier":"LARGELEFTMARGIN"
     ,"Group":"Spacing Left (1678837089839356)"
     ,"Sequence":20
    }
   ,"Settings":{
      "Advanced":false
    }
   ,"Appearance":{
      "CSS Classes":[
        "t-Button--gapLeft"
      ]
    }
  }
 ,{
    "id":"1679454374839356"
   ,"Identification":{
      "Template Type":"Button"
     ,"Name":"Large"
     ,"Identifier":"LARGERIGHTMARGIN"
     ,"Group":"Spacing Right (1679268686839356)"
     ,"Sequence":20
    }
   ,"Settings":{
      "Advanced":false
    }
   ,"Appearance":{
      "CSS Classes":[
        "t-Button--gapRight"
      ]
    }
  }
 ,{
    "id":"1679896233839356"
   ,"Identification":{
      "Template Type":"Button"
     ,"Name":"Large"
     ,"Identifier":"LARGETOPMARGIN"
     ,"Group":"Spacing Top (1679635500839356)"
     ,"Sequence":20
    }
   ,"Settings":{
      "Advanced":false
    }
   ,"Appearance":{
      "CSS Classes":[
        "t-Button--gapTop"
      ]
    }
  }
 ,{
    "id":"1680208777839356"
   ,"Identification":{
      "Template Type":"Item"
     ,"Name":"Large"
     ,"Identifier":"LARGE_FIELD"
     ,"Group":"Size (1680022276839356)"
     ,"Sequence":10
    }
   ,"Settings":{
      "Advanced":false
    }
   ,"Appearance":{
      "CSS Classes":[
        "t-Form-fieldContainer--large"
      ]
    }
  }
 ,{
    "id":"1680454912839356"
   ,"Identification":{
      "Template Type":"Button"
     ,"Name":"Remove UI Decoration"
     ,"Identifier":"NOUI"
     ,"Group":"Style (1669034373839353)"
     ,"Sequence":20
    }
   ,"Settings":{
      "Advanced":false
    }
   ,"Appearance":{
      "CSS Classes":[
        "t-Button--noUI"
      ]
    }
  }
 ,{
    "id":"1680830527839356"
   ,"Identification":{
      "Template Type":"Button"
     ,"Name":"Inner Button"
     ,"Identifier":"PILL"
     ,"Group":"Button Set (1680666318839356)"
     ,"Sequence":20
    }
   ,"Settings":{
      "Advanced":false
    }
   ,"Appearance":{
      "CSS Classes":[
        "t-Button--pill"
      ]
    }
  }
 ,{
    "id":"1681080721839356"
   ,"Identification":{
      "Template Type":"Button"
     ,"Name":"Last Button"
     ,"Identifier":"PILLEND"
     ,"Group":"Button Set (1680666318839356)"
     ,"Sequence":30
    }
   ,"Settings":{
      "Advanced":false
    }
   ,"Appearance":{
      "CSS Classes":[
        "t-Button--pillEnd"
      ]
    }
  }
 ,{
    "id":"1681232790839356"
   ,"Identification":{
      "Template Type":"Button"
     ,"Name":"First Button"
     ,"Identifier":"PILLSTART"
     ,"Group":"Button Set (1680666318839356)"
     ,"Sequence":10
    }
   ,"Settings":{
      "Advanced":false
    }
   ,"Appearance":{
      "CSS Classes":[
        "t-Button--pillStart"
      ]
    }
   ,"Help":{
      "Help Text":"Use this for the start of a pill button."
    }
  }
 ,{
    "id":"1681686015839356"
   ,"Identification":{
      "Template Type":"Item"
     ,"Name":"Display as Block"
     ,"Identifier":"POST_TEXT_BLOCK"
     ,"Group":"Item Post Text (1681400642839356)"
     ,"Sequence":10
    }
   ,"Settings":{
      "Advanced":false
    }
   ,"Appearance":{
      "CSS Classes":[
        "t-Form-fieldContainer--postTextBlock"
      ]
    }
   ,"Help":{
      "Help Text":"Displays the Item Post Text in a block style immediately after the item."
    }
  }
 ,{
    "id":"1682055499839356"
   ,"Identification":{
      "Template Type":"Item"
     ,"Name":"Display as Block"
     ,"Identifier":"PRE_TEXT_BLOCK"
     ,"Group":"Item Pre Text (1681870212839356)"
     ,"Sequence":10
    }
   ,"Settings":{
      "Advanced":false
    }
   ,"Appearance":{
      "CSS Classes":[
        "t-Form-fieldContainer--preTextBlock"
      ]
    }
   ,"Help":{
      "Help Text":"Displays the Item Pre Text in a block style immediately before the item."
    }
  }
 ,{
    "id":"1682260322839356"
   ,"Identification":{
      "Template Type":"Button"
     ,"Name":"Primary"
     ,"Identifier":"PRIMARY"
     ,"Group":"Type (1668496141839353)"
     ,"Sequence":10
    }
   ,"Settings":{
      "Advanced":false
    }
   ,"Appearance":{
      "CSS Classes":[
        "t-Button--primary"
      ]
    }
  }
 ,{
    "id":"1682698319839356"
   ,"Identification":{
      "Template Type":"Region"
     ,"Name":"Large"
     ,"Identifier":"RBM_LARGE"
     ,"Group":"Bottom Margin (1682454000839356)"
     ,"Sequence":40
    }
   ,"Settings":{
      "Advanced":false
    }
   ,"Appearance":{
      "CSS Classes":[
        "margin-bottom-lg"
      ]
    }
   ,"Help":{
      "Help Text":"Adds a large bottom margin to the region."
    }
  }
 ,{
    "id":"1682816950839356"
   ,"Identification":{
      "Template Type":"Region"
     ,"Name":"Medium"
     ,"Identifier":"RBM_MEDIUM"
     ,"Group":"Bottom Margin (1682454000839356)"
     ,"Sequence":30
    }
   ,"Settings":{
      "Advanced":false
    }
   ,"Appearance":{
      "CSS Classes":[
        "margin-bottom-md"
      ]
    }
   ,"Help":{
      "Help Text":"Adds a medium bottom margin to the region."
    }
  }
 ,{
    "id":"1683056091839357"
   ,"Identification":{
      "Template Type":"Region"
     ,"Name":"None"
     ,"Identifier":"RBM_NONE"
     ,"Group":"Bottom Margin (1682454000839356)"
     ,"Sequence":10
    }
   ,"Settings":{
      "Advanced":false
    }
   ,"Appearance":{
      "CSS Classes":[
        "margin-bottom-none"
      ]
    }
   ,"Help":{
      "Help Text":"Removes the bottom margin for this region."
    }
  }
 ,{
    "id":"1683239768839357"
   ,"Identification":{
      "Template Type":"Region"
     ,"Name":"Small"
     ,"Identifier":"RBM_SMALL"
     ,"Group":"Bottom Margin (1682454000839356)"
     ,"Sequence":20
    }
   ,"Settings":{
      "Advanced":false
    }
   ,"Appearance":{
      "CSS Classes":[
        "margin-bottom-sm"
      ]
    }
   ,"Help":{
      "Help Text":"Adds a small bottom margin to the region."
    }
  }
 ,{
    "id":"1683604538839357"
   ,"Identification":{
      "Template Type":"Page"
     ,"Name":"Remove Padding"
     ,"Identifier":"REMOVE_PADDING"
     ,"Group":"Content Padding (1683465849839357)"
     ,"Sequence":1
    }
   ,"Settings":{
      "Advanced":false
    }
   ,"Appearance":{
      "CSS Classes":[
        "t-PageBody--noContentPadding"
      ]
    }
   ,"Help":{
      "Help Text":"Removes padding from the content region."
    }
  }
 ,{
    "id":"1684006501839357"
   ,"Identification":{
      "Template Type":"Region"
     ,"Name":"Large"
     ,"Identifier":"RLM_LARGE"
     ,"Group":"Left Margin (1683877323839357)"
     ,"Sequence":40
    }
   ,"Settings":{
      "Advanced":false
    }
   ,"Appearance":{
      "CSS Classes":[
        "margin-left-lg"
      ]
    }
   ,"Help":{
      "Help Text":"Adds a large right margin to the region."
    }
  }
 ,{
    "id":"1684256787839357"
   ,"Identification":{
      "Template Type":"Region"
     ,"Name":"Medium"
     ,"Identifier":"RLM_MEDIUM"
     ,"Group":"Left Margin (1683877323839357)"
     ,"Sequence":30
    }
   ,"Settings":{
      "Advanced":false
    }
   ,"Appearance":{
      "CSS Classes":[
        "margin-left-md"
      ]
    }
   ,"Help":{
      "Help Text":"Adds a medium right margin to the region."
    }
  }
 ,{
    "id":"1684443898839357"
   ,"Identification":{
      "Template Type":"Region"
     ,"Name":"None"
     ,"Identifier":"RLM_NONE"
     ,"Group":"Left Margin (1683877323839357)"
     ,"Sequence":10
    }
   ,"Settings":{
      "Advanced":false
    }
   ,"Appearance":{
      "CSS Classes":[
        "margin-left-none"
      ]
    }
   ,"Help":{
      "Help Text":"Removes the left margin from the region."
    }
  }
 ,{
    "id":"1684603607839357"
   ,"Identification":{
      "Template Type":"Region"
     ,"Name":"Small"
     ,"Identifier":"RLM_SMALL"
     ,"Group":"Left Margin (1683877323839357)"
     ,"Sequence":20
    }
   ,"Settings":{
      "Advanced":false
    }
   ,"Appearance":{
      "CSS Classes":[
        "margin-left-sm"
      ]
    }
   ,"Help":{
      "Help Text":"Adds a small left margin to the region."
    }
  }
 ,{
    "id":"1685084885839357"
   ,"Identification":{
      "Template Type":"Region"
     ,"Name":"Large"
     ,"Identifier":"RRM_LARGE"
     ,"Group":"Right Margin (1684885292839357)"
     ,"Sequence":40
    }
   ,"Settings":{
      "Advanced":false
    }
   ,"Appearance":{
      "CSS Classes":[
        "margin-right-lg"
      ]
    }
   ,"Help":{
      "Help Text":"Adds a large right margin to the region."
    }
  }
 ,{
    "id":"1685206795839357"
   ,"Identification":{
      "Template Type":"Region"
     ,"Name":"Medium"
     ,"Identifier":"RRM_MEDIUM"
     ,"Group":"Right Margin (1684885292839357)"
     ,"Sequence":30
    }
   ,"Settings":{
      "Advanced":false
    }
   ,"Appearance":{
      "CSS Classes":[
        "margin-right-md"
      ]
    }
   ,"Help":{
      "Help Text":"Adds a medium right margin to the region."
    }
  }
 ,{
    "id":"1685499627839357"
   ,"Identification":{
      "Template Type":"Region"
     ,"Name":"None"
     ,"Identifier":"RRM_NONE"
     ,"Group":"Right Margin (1684885292839357)"
     ,"Sequence":10
    }
   ,"Settings":{
      "Advanced":false
    }
   ,"Appearance":{
      "CSS Classes":[
        "margin-right-none"
      ]
    }
   ,"Help":{
      "Help Text":"Removes the right margin from the region."
    }
  }
 ,{
    "id":"1685652253839357"
   ,"Identification":{
      "Template Type":"Region"
     ,"Name":"Small"
     ,"Identifier":"RRM_SMALL"
     ,"Group":"Right Margin (1684885292839357)"
     ,"Sequence":20
    }
   ,"Settings":{
      "Advanced":false
    }
   ,"Appearance":{
      "CSS Classes":[
        "margin-right-sm"
      ]
    }
   ,"Help":{
      "Help Text":"Adds a small right margin to the region."
    }
  }
 ,{
    "id":"1686003988839357"
   ,"Identification":{
      "Template Type":"Region"
     ,"Name":"Large"
     ,"Identifier":"RTM_LARGE"
     ,"Group":"Top Margin (1685825031839357)"
     ,"Sequence":40
    }
   ,"Settings":{
      "Advanced":false
    }
   ,"Appearance":{
      "CSS Classes":[
        "margin-top-lg"
      ]
    }
   ,"Help":{
      "Help Text":"Adds a large top margin to the region."
    }
  }
 ,{
    "id":"1686292102839357"
   ,"Identification":{
      "Template Type":"Region"
     ,"Name":"Medium"
     ,"Identifier":"RTM_MEDIUM"
     ,"Group":"Top Margin (1685825031839357)"
     ,"Sequence":30
    }
   ,"Settings":{
      "Advanced":false
    }
   ,"Appearance":{
      "CSS Classes":[
        "margin-top-md"
      ]
    }
   ,"Help":{
      "Help Text":"Adds a medium top margin to the region."
    }
  }
 ,{
    "id":"1686421726839357"
   ,"Identification":{
      "Template Type":"Region"
     ,"Name":"None"
     ,"Identifier":"RTM_NONE"
     ,"Group":"Top Margin (1685825031839357)"
     ,"Sequence":10
    }
   ,"Settings":{
      "Advanced":false
    }
   ,"Appearance":{
      "CSS Classes":[
        "margin-top-none"
      ]
    }
   ,"Help":{
      "Help Text":"Removes the top margin for this region."
    }
  }
 ,{
    "id":"1686617741839357"
   ,"Identification":{
      "Template Type":"Region"
     ,"Name":"Small"
     ,"Identifier":"RTM_SMALL"
     ,"Group":"Top Margin (1685825031839357)"
     ,"Sequence":20
    }
   ,"Settings":{
      "Advanced":false
    }
   ,"Appearance":{
      "CSS Classes":[
        "margin-top-sm"
      ]
    }
   ,"Help":{
      "Help Text":"Adds a small top margin to the region."
    }
  }
 ,{
    "id":"1687042637839357"
   ,"Identification":{
      "Template Type":"Region"
     ,"Name":"Show Form Labels Above"
     ,"Identifier":"SHOWFORMLABELSABOVE"
     ,"Group":"Label Position (1686825521839357)"
     ,"Sequence":10
    }
   ,"Settings":{
      "Advanced":false
    }
   ,"Appearance":{
      "CSS Classes":[
        "t-Form--labelsAbove"
      ]
    }
   ,"Help":{
      "Help Text":"Show form labels above input fields."
    }
  }
 ,{
    "id":"1687274689839357"
   ,"Identification":{
      "Template Type":"Button"
     ,"Name":"Simple"
     ,"Identifier":"SIMPLE"
     ,"Group":"Style (1669034373839353)"
     ,"Sequence":10
    }
   ,"Settings":{
      "Advanced":false
    }
   ,"Appearance":{
      "CSS Classes":[
        "t-Button--simple"
      ]
    }
  }
 ,{
    "id":"1687470398839357"
   ,"Identification":{
      "Template Type":"Button"
     ,"Name":"Small"
     ,"Identifier":"SMALL"
     ,"Group":"Size (1678015903839355)"
     ,"Sequence":20
    }
   ,"Settings":{
      "Advanced":false
    }
   ,"Appearance":{
      "CSS Classes":[
        "t-Button--small"
      ]
    }
   ,"Help":{
      "Help Text":"A small button."
    }
  }
 ,{
    "id":"1687619754839358"
   ,"Identification":{
      "Template Type":"Button"
     ,"Name":"Small"
     ,"Identifier":"SMALLBOTTOMMARGIN"
     ,"Group":"Spacing Bottom (1678464298839356)"
     ,"Sequence":10
    }
   ,"Settings":{
      "Advanced":false
    }
   ,"Appearance":{
      "CSS Classes":[
        "t-Button--padBottom"
      ]
    }
  }
 ,{
    "id":"1687817318839358"
   ,"Identification":{
      "Template Type":"Button"
     ,"Name":"Small"
     ,"Identifier":"SMALLLEFTMARGIN"
     ,"Group":"Spacing Left (1678837089839356)"
     ,"Sequence":10
    }
   ,"Settings":{
      "Advanced":false
    }
   ,"Appearance":{
      "CSS Classes":[
        "t-Button--padLeft"
      ]
    }
  }
 ,{
    "id":"1688061430839358"
   ,"Identification":{
      "Template Type":"Button"
     ,"Name":"Small"
     ,"Identifier":"SMALLRIGHTMARGIN"
     ,"Group":"Spacing Right (1679268686839356)"
     ,"Sequence":10
    }
   ,"Settings":{
      "Advanced":false
    }
   ,"Appearance":{
      "CSS Classes":[
        "t-Button--padRight"
      ]
    }
  }
 ,{
    "id":"1688275908839358"
   ,"Identification":{
      "Template Type":"Button"
     ,"Name":"Small"
     ,"Identifier":"SMALLTOPMARGIN"
     ,"Group":"Spacing Top (1679635500839356)"
     ,"Sequence":10
    }
   ,"Settings":{
      "Advanced":false
    }
   ,"Appearance":{
      "CSS Classes":[
        "t-Button--padTop"
      ]
    }
  }
 ,{
    "id":"1688629058839358"
   ,"Identification":{
      "Template Type":"Region"
     ,"Name":"Center"
     ,"Identifier":"SORT_CENTER"
     ,"Group":"Sort Order Alignment (1688428762839358)"
     ,"Sequence":10
    }
   ,"Settings":{
      "Advanced":false
    }
   ,"Appearance":{
      "CSS Classes":[
        "t-Region-orderBy--center"
      ]
    }
  }
 ,{
    "id":"1688885850839358"
   ,"Identification":{
      "Template Type":"Region"
     ,"Name":"End"
     ,"Identifier":"SORT_END"
     ,"Group":"Sort Order Alignment (1688428762839358)"
     ,"Sequence":20
    }
   ,"Settings":{
      "Advanced":false
    }
   ,"Appearance":{
      "CSS Classes":[
        "t-Region-orderBy--end"
      ]
    }
  }
 ,{
    "id":"1689241326839358"
   ,"Identification":{
      "Template Type":"Button"
     ,"Name":"Stretch"
     ,"Identifier":"STRETCH"
     ,"Group":"Width (1689039676839358)"
     ,"Sequence":10
    }
   ,"Settings":{
      "Advanced":false
    }
   ,"Appearance":{
      "CSS Classes":[
        "t-Button--stretch"
      ]
    }
   ,"Help":{
      "Help Text":"Stretches button to fill container"
    }
  }
 ,{
    "id":"1689613741839358"
   ,"Identification":{
      "Template Type":"Region"
     ,"Name":"Stretch Form Fields"
     ,"Identifier":"STRETCH_FORM_FIELDS"
     ,"Group":"Item Width (1689439949839358)"
     ,"Sequence":10
    }
   ,"Settings":{
      "Advanced":false
    }
   ,"Appearance":{
      "CSS Classes":[
        "t-Form--stretchInputs"
      ]
    }
  }
 ,{
    "id":"1689815789839358"
   ,"Identification":{
      "Template Type":"Item"
     ,"Name":"Stretch Form Item"
     ,"Identifier":"STRETCH_FORM_ITEM"
     ,"Sequence":10
    }
   ,"Settings":{
      "Advanced":false
    }
   ,"Appearance":{
      "CSS Classes":[
        "t-Form-fieldContainer--stretchInputs"
      ]
    }
   ,"Help":{
      "Help Text":"Stretches the form item to fill its container."
    }
  }
 ,{
    "id":"1690043373839358"
   ,"Identification":{
      "Template Type":"Button"
     ,"Name":"Success"
     ,"Identifier":"SUCCESS"
     ,"Group":"Type (1668496141839353)"
     ,"Sequence":40
    }
   ,"Settings":{
      "Advanced":false
    }
   ,"Appearance":{
      "CSS Classes":[
        "t-Button--success"
      ]
    }
  }
 ,{
    "id":"1690229377839358"
   ,"Identification":{
      "Template Type":"Button"
     ,"Name":"Tiny"
     ,"Identifier":"TINY"
     ,"Group":"Size (1678015903839355)"
     ,"Sequence":10
    }
   ,"Settings":{
      "Advanced":false
    }
   ,"Appearance":{
      "CSS Classes":[
        "t-Button--tiny"
      ]
    }
   ,"Help":{
      "Help Text":"A very small button."
    }
  }
 ,{
    "id":"1690435371839358"
   ,"Identification":{
      "Template Type":"Button"
     ,"Name":"Warning"
     ,"Identifier":"WARNING"
     ,"Group":"Type (1668496141839353)"
     ,"Sequence":20
    }
   ,"Settings":{
      "Advanced":false
    }
   ,"Appearance":{
      "CSS Classes":[
        "t-Button--warning"
      ]
    }
  }
 ,{
    "id":"1690642479839358"
   ,"Identification":{
      "Template Type":"Item"
     ,"Name":"X Large"
     ,"Identifier":"X_LARGE_SIZE"
     ,"Group":"Size (1680022276839356)"
     ,"Sequence":20
    }
   ,"Settings":{
      "Advanced":false
    }
   ,"Appearance":{
      "CSS Classes":[
        "t-Form-fieldContainer--xlarge"
      ]
    }
  }
]
