{
  "id":"42"
 ,"Identification":{
    "Theme Number":42
   ,"Name":"Universal Theme"
   ,"Identifier":"UNIVERSAL_THEME"
  }
 ,"Navigation":{
    "Type":"List"
   ,"Navigation Bar Type":"List"
  }
 ,"JavaScript":{
    "File URLs":[
      "#APEX_FILES#libraries\/apex\/#MIN_DIRECTORY#widget.stickyWidget#MIN#.js?v=#APEX_VERSION#"
     ,"#THEME_FILES#js\/theme42#MIN#.js?v=#APEX_VERSION#"
    ]
  }
 ,"CSS":{
    "File URLs":[
      "#THEME_FILES#css\/Core#MIN#.css?v=#APEX_VERSION#"
    ]
  }
 ,"Component Defaults":{
    "Page":"Standard (1428218077839216)"
   ,"Navigation Bar List":"Navigation Bar (1565546392839251)"
   ,"Navigation Menu List Position":"Side"
   ,"Navigation Menu List (Top)":"Top Navigation Menu (1571367217839253)"
   ,"Navigation Menu List (Side)":"Side Navigation Menu (1565953404839251)"
   ,"Login Page":"Login (1413028823839212)"
   ,"Error Page":"Login (1413028823839212)"
   ,"Printer Friendly Page":"Standard (1428218077839216)"
   ,"Breadcrumb":"1579765724839257"
   ,"Button":"Text (1578187278839257)"
   ,"Legacy Calendar":"Calendar (1579874279839258)"
   ,"Default Label":"Optional - Floating (1575616939839255)"
   ,"Optional Label":"Optional - Floating (1575616939839255)"
   ,"Required Label":"Required - Floating (1576929971839255)"
   ,"List":"Links List (1559583302839249)"
   ,"Region":"Standard (1504900909839235)"
   ,"Classic Report":"Standard (1543137134839244)"
  }
 ,"Region Defaults":{
    "Breadcrumbs":"Title Bar (1517367876839238)"
   ,"Charts":"Standard (1504900909839235)"
   ,"Forms":"Standard (1504900909839235)"
   ,"Lists":"Standard (1504900909839235)"
   ,"Reports":"Standard (1504900909839235)"
   ,"Wizards":"Standard (1504900909839235)"
   ,"Interactive Reports":"Interactive Report (1495101883839233)"
  }
 ,"Dialog Defaults":{
    "Dialog Content Region":"Blank with Attributes (1438361051839220)"
   ,"Dialog Button Region":"Buttons Container (1441101151839220)"
   ,"Dialog Page":"Modal Dialog (1423037007839214)"
  }
 ,"Icons":{
    "Library":"Font APEX"
  }
 ,"Files":{
    "File Prefix":"#APEX_FILES#themes\/theme_42\/23.2\/"
  }
 ,"Styles":[
    {
      "id":"1667277952839346"
     ,"Identification":{
        "Name":"Redwood Light"
      }
     ,"Settings":{
        "Is Current":false
       ,"Is Public":true
       ,"Accessibility Tested":false
      }
     ,"CSS":{
        "File URLs":[
          "#APEX_FILES#libraries\/oracle-fonts\/oraclesans-apex#MIN#.css?v=#APEX_VERSION#"
         ,"#THEME_FILES#css\/Redwood#MIN#.css?v=#APEX_VERSION#"
        ]
      }
     ,"Theme Roller Attributes":{
        "Read Only":true
       ,"Input Parameter File URLs":"#THEME_FILES#less\/theme\/Redwood-Theme.less"
       ,"Output CSS File URL":"#THEME_FILES#css\/Redwood-Theme#MIN#.css?v=#APEX_VERSION#"
      }
    }
   ,{
      "id":"1667423520839346"
     ,"Identification":{
        "Name":"Vita"
      }
     ,"Settings":{
        "Is Current":true
       ,"Is Public":true
       ,"Accessibility Tested":true
      }
     ,"Theme Roller Attributes":{
        "Read Only":true
       ,"Input Parameter File URLs":"#THEME_FILES#less\/theme\/Vita.less"
       ,"Output CSS File URL":"#THEME_FILES#css\/Vita#MIN#.css?v=#APEX_VERSION#"
      }
    }
   ,{
      "id":"1667677545839346"
     ,"Identification":{
        "Name":"Vita - Dark"
      }
     ,"Settings":{
        "Is Current":false
       ,"Is Public":true
       ,"Accessibility Tested":false
      }
     ,"Theme Roller Attributes":{
        "Read Only":true
       ,"Input Parameter File URLs":"#THEME_FILES#less\/theme\/Vita-Dark.less"
       ,"Output CSS File URL":"#THEME_FILES#css\/Vita-Dark#MIN#.css?v=#APEX_VERSION#"
      }
    }
   ,{
      "id":"1667857478839346"
     ,"Identification":{
        "Name":"Vita - Red"
      }
     ,"Settings":{
        "Is Current":false
       ,"Is Public":true
       ,"Accessibility Tested":false
      }
     ,"Theme Roller Attributes":{
        "Read Only":true
       ,"Input Parameter File URLs":"#THEME_FILES#less\/theme\/Vita-Red.less"
       ,"Output CSS File URL":"#THEME_FILES#css\/Vita-Red#MIN#.css?v=#APEX_VERSION#"
      }
    }
   ,{
      "id":"1668039146839346"
     ,"Identification":{
        "Name":"Vita - Slate"
      }
     ,"Settings":{
        "Is Current":false
       ,"Is Public":true
       ,"Accessibility Tested":false
      }
     ,"Theme Roller Attributes":{
        "Read Only":true
       ,"Input Parameter File URLs":"#THEME_FILES#less\/theme\/Vita-Slate.less"
       ,"Output CSS File URL":"#THEME_FILES#css\/Vita-Slate#MIN#.css?v=#APEX_VERSION#"
      }
    }
  ]
}
