{
  "id":"100"
 ,"Identification":{
    "Name":"testrag"
   ,"Alias":"TESTRAG"
   ,"Version":"Release 1.0"
  }
 ,"Row Search":{
    "Tokenize":true
  }
 ,"Availability":{
    "Status":"Available with Developer Toolbar"
   ,"Build Status":"Run and Build Application"
  }
 ,"Error Handling":{
    "Default Display Location":"Inline with Field and in Notification"
  }
 ,"Report Printing":{
    "Type":"Native Printing"
  }
 ,"Advanced":{
    "Friendly URLs":true
   ,"Allow Feedback":true
   ,"Logging":true
   ,"Debugging":false
   ,"Compatibility Mode":"21.2 \/ 22.1 \/ 22.2"
   ,"Pass ECID":"Y"
  }
 ,"Authentication":{
    "Public User":"APEX_PUBLIC_USER"
   ,"Authentication Scheme":"Oracle APEX Accounts (1401347871839201)"
  }
 ,"Authorization":{
    "Source for Role or Group Schemes":"Access Control User Role Assignments"
  }
 ,"Session Management":{
    "Rejoin Sessions":"Disabled"
  }
 ,"Session State Protection":{
    "Enabled":true
  }
 ,"Security":{
    "Deep Linking":"Disabled"
   ,"Browser Cache":"Disabled"
   ,"Embed in Frames":"Deny"
   ,"Referrer Policy":"strict-origin"
   ,"HTML Escaping Mode":"Extended"
  }
 ,"Database Session":{
    "Parsing Schema":"VECTOR"
  }
 ,"Globalization":{
    "Primary Language":"English (en)"
   ,"Document Direction":"Left-To-Right"
   ,"Language Derived From":"Application Primary Language"
   ,"Automatic Time Zone":false
   ,"Automatic CSV Encoding":true
  }
 ,"Application Format Masks":{
    "Date":"DS"
   ,"Timestamp":"DS"
   ,"Timestamp Time Zone":"DS"
  }
 ,"Character Value Comparison":{
    "Behavior":"Database session NLS setting (default)"
  }
 ,"Logo":{
    "Type":"Text"
   ,"Text":"testrag"
  }
 ,"Progressive Web App":{
    "Enable":true
   ,"Installable":false
   ,"Display":"Standalone"
   ,"Screen Orientation":"Any"
   ,"iOS Status Bar Style":"Default"
   ,"Enable Push Notifications":false
  }
 ,"Navigation":{
    "Home URL":{
      "url":"f?p=\u0026APP_ID.:1:\u0026APP_SESSION.::\u0026DEBUG.:::"
     ,"Page":"1"
    }
   ,"Login URL":{
      "url":"f?p=\u0026APP_ID.:LOGIN:\u0026APP_SESSION.::\u0026DEBUG.:::"
     ,"Page":"LOGIN"
    }
  }
 ,"Navigation Menu":{
    "List Template":"Side Navigation Menu (1565953404839251)"
   ,"Template Options":[
      "#DEFAULT#"
     ,"t-TreeNav--styleA"
     ,"js-navCollapsed--hidden"
    ]
   ,"List Position":"Side"
   ,"List":"Navigation Menu (1402157638839203)"
  }
 ,"Navigation Bar":{
    "Implementation":"List"
   ,"List":"Navigation Bar (1691069956839363)"
   ,"List Template":"Navigation Bar (1565546392839251)"
   ,"Template Options":[
      "#DEFAULT#"
    ]
  }
 ,"JavaScript":{
    "Include jQuery Migrate":false
  }
 ,"Attributes":{
    "Theme":"Universal Theme (42)"
   ,"Global Page":"0"
   ,"Enable End Users to choose Theme Style":false
   ,"Add \"Built with APEX\" to Footer":false
  }
 ,"Substitutions":[
    {
      "id":"1"
     ,"Identification":{
        "Name":"APP_NAME"
      }
     ,"Value":{
        "Static Value":"testrag"
      }
    }
  ]
 ,"Component Settings":[
    {
      "id":"1398069447839198"
     ,"Identification":{
        "Name":"NATIVE_COLOR_PICKER"
       ,"Type":"Item"
      }
     ,"Settings":{
        "Attribute 1":"FULL"
       ,"Attribute 2":"POPUP"
      }
     ,"Subscription":{
        "Version Number":5401831
      }
    }
   ,{
      "id":"1398319107839198"
     ,"Identification":{
        "Name":"NATIVE_DATE_PICKER_APEX"
       ,"Type":"Item"
      }
     ,"Settings":{
        "Attribute 1":"MONTH-PICKER:YEAR-PICKER:TODAY-BUTTON"
       ,"Attribute 2":"VISIBLE"
       ,"Attribute 3":"15"
       ,"Attribute 4":"FOCUS"
      }
     ,"Subscription":{
        "Version Number":5401831
      }
    }
   ,{
      "id":"1398627383839199"
     ,"Identification":{
        "Name":"NATIVE_GEOCODED_ADDRESS"
       ,"Type":"Item"
      }
     ,"Settings":{
        "Attribute 1":"RELAX_HOUSE_NUMBER"
       ,"Attribute 2":"N"
       ,"Attribute 3":"POPUP:ITEM"
       ,"Attribute 4":"default"
       ,"Attribute 6":"LIST"
      }
     ,"Subscription":{
        "Version Number":5401831
      }
    }
   ,{
      "id":"1398954979839199"
     ,"Identification":{
        "Name":"NATIVE_SINGLE_CHECKBOX"
       ,"Type":"Item"
      }
     ,"Settings":{
        "Attribute 1":"Y"
       ,"Attribute 2":"N"
      }
     ,"Subscription":{
        "Version Number":5401831
      }
    }
   ,{
      "id":"1399270026839199"
     ,"Identification":{
        "Name":"NATIVE_STAR_RATING"
       ,"Type":"Item"
      }
     ,"Settings":{
        "Attribute 1":"fa-star"
       ,"Attribute 4":"#VALUE#"
      }
     ,"Subscription":{
        "Version Number":5401831
      }
    }
   ,{
      "id":"1399572491839199"
     ,"Identification":{
        "Name":"NATIVE_YES_NO"
       ,"Type":"Item"
      }
     ,"Settings":{
        "Attribute 1":"Y"
       ,"Attribute 3":"N"
       ,"Attribute 5":"SWITCH_CB"
      }
     ,"Subscription":{
        "Version Number":5401831
      }
    }
   ,{
      "id":"1399880531839199"
     ,"Identification":{
        "Name":"NATIVE_DISPLAY_SELECTOR"
       ,"Type":"Region"
      }
     ,"Settings":{
        "Attribute 1":"Y"
      }
     ,"Subscription":{
        "Version Number":5401831
      }
    }
   ,{
      "id":"1400167614839199"
     ,"Identification":{
        "Name":"NATIVE_IR"
       ,"Type":"Region"
      }
     ,"Settings":{
        "Attribute 1":"IG"
      }
     ,"Subscription":{
        "Version Number":5401831
      }
    }
   ,{
      "id":"1400457389839199"
     ,"Identification":{
        "Name":"NATIVE_MAP_REGION"
       ,"Type":"Region"
      }
     ,"Settings":{
        "Attribute 1":"Y"
      }
     ,"Subscription":{
        "Version Number":5401831
      }
    }
   ,{
      "id":"1400737557839199"
     ,"Identification":{
        "Name":"NATIVE_ADFBC"
       ,"Type":"REST Data Source"
      }
     ,"Subscription":{
        "Version Number":5401831
      }
    }
  ]
}
